policy,mean,ci_lower,ci_upper
causal,50090.318,50081.130231862364,50099.505768137635
random,47112.078,47102.94860497332,47121.207395026686
score,50090.318,50081.130231862364,50099.505768137635
treat_all,59868.255,59858.70385817726,59877.80614182274
treat_none,45696.78,45687.88324941094,45705.67675058906
