mean,ci_lower,ci_upper
49441.819,49432.77965510148,49450.85834489852
46587.051,46578.037171556505,46596.064828443494
48330.001,48320.82050433037,48339.181495669625
54600.168,54590.72137391654,54609.61462608346
45696.78,45687.88324941094,45705.67675058906
