policy,mean,ci_lower,ci_upper
causal,46555.624,46546.76158265754,46564.486417342465
random,44445.728,44436.80431287484,44454.651687125166
score,44839.669,44830.9360829061,44848.40191709391
treat_all,33194.209,33185.99630748582,33202.42169251419
treat_none,45696.78,45687.88324941094,45705.67675058906
